Timestamp,ID,Country,Cohort Yr,Designation,Organization,Leadership Journey,Leadership Style,Recent Achievements,LMG Training Impact,Growth Reflection,Cascaded Training,Support Needed,Final Thoughts,Attachments
2023-08-15 09:30:00,LMG_AFR_001,Nigeria,2019,Senior Project Manager,NaijaTech Solutions,Started as a team lead, growing into managing large-scale projects and mentoring junior staff.,Mentorship from senior leaders and a focus on collaborative problem-solving.,Successfully launched a new digital payment platform, increasing user adoption by 30% in six months.,Honed my strategic planning and team motivation skills, leading to more efficient project delivery.,Gained a deeper understanding of servant leadership and the importance of empathy in managing diverse teams.,Yes,"Conducted 3 workshops for 45 team leads on 'Effective Communication & Conflict Resolution' and 'Building High-Performing Teams'.",Networking opportunities with other alumni and access to advanced leadership resources.,Great program, truly transformative!,
2022-03-20 14:00:00,LMG_AFR_002,South Africa,2020,Head of Operations,Ubuntu Logistics Group,Progressed from an operational supervisor to overseeing entire supply chain processes.,Experiences in challenging environments and a strong belief in empowering my team.,Streamlined our distribution network, reducing delivery times by 15% across key regions.,Negotiation and decision-making modules were instrumental in securing new partnerships.,The program emphasized resilience and adaptability, crucial for navigating dynamic business landscapes.,No,Opportunities for peer coaching and leadership forums.,Highly recommend for aspiring leaders.,
2024-01-10 11:45:00,LMG_AFR_003,Kenya,2021,Regional Sales Director,Maisha Agro-Processing,Began as a sales representative, demonstrating consistent growth and leadership in regional markets.,Observing successful sales strategies and a commitment to customer-centric approaches.,Achieved a 25% increase in regional sales targets for two consecutive quarters.,Improved my leadership communication and coaching abilities, directly impacting my team's performance.,Learned to foster a culture of continuous improvement and proactive problem-solving within my team.,Yes,"Delivered 5 training sessions to 60 sales managers on 'Advanced Sales Leadership' and 'Team Motivation Techniques'.",Access to updated research on market trends and leadership best practices.,Thankful for the insights gained.,
2023-05-01 10:15:00,LMG_AFR_004,Egypt,2019,Chief Financial Officer,Pyramid Financial Services,Rose through the finance department, taking on increasing responsibilities in financial planning and strategy.,A meticulous approach to financial analysis and a focus on ethical leadership.,Successfully managed a complex merger and acquisition, resulting in a 10% increase in company valuation.,Provided frameworks for strategic thinking and risk management that were invaluable during the M&A process.,The program refined my ability to lead during periods of significant organizational change and uncertainty.,No,Mentorship opportunities with industry leaders.,Excellent program for executive development.,
2022-11-25 09:00:00,LMG_AFR_005,Ghana,2020,HR Director,Accra Innovations Hub,Started in HR generalist roles, evolving into a strategic partner for organizational development.,A deep commitment to employee well-being and fostering a positive work culture.,Implemented a new talent development program, resulting in a 20% reduction in employee turnover.,Modules on organizational change management and talent retention significantly enhanced my approach.,It provided new perspectives on fostering psychological safety and building resilient teams.,Yes,"Conducted 2 workshops for 30 HR professionals on 'Strategic HR Business Partnering' and 'Employee Engagement Best Practices'.",Access to a community of practice for HR leaders.,Very impactful training.,
2024-03-08 13:30:00,LMG_AFR_006,Tanzania,2021,IT Manager,Kilimanjaro Digital Solutions,Progressed from a network engineer to leading the entire IT infrastructure department.,A passion for technology and a focus on driving digital transformation.,Successfully migrated all company data to a new cloud-based system with zero downtime.,Project leadership and stakeholder management training ensured a smooth transition during the migration.,The program broadened my understanding of agile methodologies and their application in IT leadership.,No,Webinars on emerging technologies and leadership in the digital age.,Looking forward to continued learning.,
2023-01-18 10:00:00,LMG_AFR_007,Morocco,2019,Marketing Manager,Atlas Craft Exports,Began in brand management, then moved into overseeing global marketing campaigns.,A creative mindset and a strong understanding of consumer behavior across diverse markets.,Launched a new product line that exceeded sales forecasts by 40% in its first quarter.,Leadership communication and team building strategies were crucial for motivating my marketing team.,It helped me cultivate a more inclusive leadership style, valuing diverse perspectives in creative processes.,Yes,"Ran 4 sessions for 50 marketing specialists on 'Brand Storytelling' and 'Leading Creative Teams'.",Resources on international market entry strategies.,A valuable experience.,
2022-06-10 16:00:00,LMG_AFR_008,Ethiopia,2020,Public Relations Director,Addis Communications Group,Started as a PR specialist, now managing national and international public relations strategies.,A commitment to transparency and building strong relationships with stakeholders.,Successfully managed a high-profile crisis communication, safeguarding the company's reputation.,Crisis leadership and ethical decision-making modules were directly applicable to this achievement.,The program reinforced the importance of proactive communication and stakeholder engagement.,No,Access to a network of PR professionals across Africa.,Highly recommend for those in communications.,
2024-04-22 10:45:00,LMG_AFR_009,Uganda,2021,Operations Manager,Pearl Dairy Products,Moved from production line supervision to overseeing entire factory operations.,A dedication to efficiency and a focus on quality control.,Improved production efficiency by 18% through the implementation of new lean manufacturing principles.,Operational excellence and process improvement methodologies were key to these gains.,Gained a holistic view of supply chain management and the importance of cross-functional collaboration.,No,Workshops on supply chain optimization.,A very practical program.,
2023-09-05 11:00:00,LMG_AFR_010,Rwanda,2019,Program Manager,Kigali Eco-Solutions,Began in project coordination, growing into managing large-scale sustainable development programs.,A passion for environmental sustainability and community engagement.,Secured significant funding for a new renewable energy project impacting over 5,000 households.,Grant writing and stakeholder engagement training were vital for this success.,The program deepened my understanding of ethical leadership in development work and community partnerships.,Yes,"Provided mentorship to 15 junior program officers on 'Project Cycle Management' and 'Community Engagement Strategies'.",Collaboration opportunities on sustainable development initiatives.,An inspiring and empowering program.,
2022-07-12 14:15:00,LMG_AFR_011,Senegal,2020,Legal Counsel,Dakar Maritime Law,Progressed from a junior associate to advising on complex international maritime law cases.,A keen analytical mind and a commitment to legal ethics.,Successfully negotiated a multi-million dollar international shipping dispute.,Negotiation and conflict resolution training proved invaluable in achieving a favorable outcome.,The program honed my strategic thinking and ability to lead complex legal discussions.,No,Access to legal professional networks and case studies.,Very beneficial for legal professionals.,
2024-02-29 09:50:00,LMG_AFR_012,Angola,2021,Mining Engineer,Luanda Mineral Resources,Began as a site engineer, now managing large-scale mining operations and safety protocols.,A strong focus on safety, efficiency, and environmental responsibility in resource extraction.,Implemented new safety protocols that reduced workplace incidents by 25%.,Risk management and team leadership modules directly contributed to the success of these initiatives.,The program provided new frameworks for managing complex teams in high-risk environments.,No,Updates on new mining technologies and safety regulations.,A very practical and relevant training.,
2023-03-01 10:30:00,LMG_AFR_013,Zimbabwe,2019,Agricultural Economist,Harare Agri-Develop,Started as a research assistant, now leading economic analysis for agricultural policy.,A dedication to food security and sustainable agricultural practices.,Developed a new policy framework for smallholder farmer support, adopted by the Ministry of Agriculture.,Policy advocacy and stakeholder collaboration training were crucial for this achievement.,The program enhanced my ability to translate complex economic data into actionable policy recommendations.,Yes,"Conducted 2 seminars for 25 government officials and NGOs on 'Evidence-Based Policy Making in Agriculture'.",Opportunities to present research at international conferences.,Highly valuable for policy work.,
2022-09-15 15:00:00,LMG_AFR_014,Cameroon,2020,Supply Chain Manager,Douala Trade & Logistics,Progressed from logistics coordinator to managing the entire supply chain for a major import/export firm.,A meticulous approach to logistics and a focus on global trade efficiency.,Optimized our import-export operations, reducing lead times by 10%.,Global supply chain management and cross-cultural communication modules were highly beneficial.,It broadened my understanding of international trade dynamics and cultural nuances in business.,No,Updates on international trade agreements and logistics innovations.,A very comprehensive program.,
2024-05-17 11:20:00,LMG_AFR_015,Madagascar,2021,Conservation Program Lead,Antananarivo Wildlife Trust,Began as a field researcher, now leading multi-faceted wildlife conservation projects.,A deep passion for biodiversity and community-based conservation.,Secured a major grant for a new national park biodiversity monitoring program.,Project management and fundraising strategies were key to this success.,The program emphasized the importance of stakeholder engagement and ethical leadership in conservation.,No,Collaboration opportunities on conservation projects across Africa.,An inspiring and well-structured program.,
2023-07-07 09:40:00,LMG_AFR_016,Ivory Coast,2019,Chief Marketing Officer,Abidjan Cocoa Innovate,Rose from brand manager to leading all marketing and brand development initiatives.,A creative and consumer-focused approach to building strong brands.,Successfully rebranded our core product line, leading to a 20% increase in market share.,Strategic marketing and leadership development training were instrumental in this transformation.,The program helped me foster a more innovative and agile marketing team.,Yes,"Organized 3 workshops for 40 marketing professionals on 'Digital Marketing Leadership' and 'Brand Innovation'.",Access to resources on West African consumer insights.,Very impactful on my career.,
2022-04-25 10:55:00,LMG_AFR_017,Democratic Republic of Congo,2020,Health Program Coordinator,Congo Health Alliance,Started as a public health officer, now coordinating large-scale health initiatives.,A commitment to improving public health outcomes in underserved communities.,Successfully rolled out a vaccination campaign reaching over 100,000 people in remote areas.,Project implementation and community engagement strategies were vital for this achievement.,The program provided new frameworks for leading in complex humanitarian environments.,No,Opportunities to share best practices in public health.,A highly relevant program.,
2024-06-03 12:30:00,LMG_AFR_018,Tunisia,2021,Software Development Lead,Carthage Tech Solutions,Progressed from a software engineer to leading multiple development teams.,A passion for innovative technology and building high-performing technical teams.,Launched a new AI-powered platform, improving data analysis efficiency by 50%.,Agile leadership and team collaboration modules significantly improved our development process.,The program emphasized continuous learning and fostering a culture of innovation within technical teams.,No,Webinars on emerging tech trends and leadership in AI.,Excellent for tech leaders.,
2023-10-12 11:10:00,LMG_AFR_019,Mozambique,2019,Environmental Consultant,Maputo Coastal Protect,Began as an environmental analyst, now consulting on large-scale environmental impact assessments.,A dedication to environmental protection and sustainable development practices.,Advised on a major coastal development project, ensuring adherence to strict environmental guidelines.,Stakeholder management and ethical leadership training were crucial for navigating complex environmental regulations.,The program enhanced my ability to influence policy and promote sustainable practices.,Yes,"Led 2 training sessions for 20 junior consultants on 'Environmental Impact Assessment Best Practices' and 'Stakeholder Engagement'.",Access to a network of environmental experts.,Very insightful and practical.,
2022-08-01 13:00:00,LMG_AFR_020,Zambia,2020,Education Program Manager,Lusaka Learn Forward,Started as a teacher, now managing educational programs for disadvantaged youth.,A strong belief in equitable access to quality education.,Developed and implemented a new STEM education curriculum in 15 rural schools.,Curriculum development and program evaluation modules were instrumental in this initiative.,The program broadened my understanding of systemic educational challenges and how to address them through leadership.,No,Funding opportunities for educational initiatives.,A truly inspiring program.,
2024-01-25 10:00:00,LMG_AFR_021,Algeria,2021,Petroleum Engineer,Algiers Hydrocarbon Corp,Began as a field engineer, now overseeing complex drilling operations.,A meticulous approach to engineering and a strong focus on operational safety.,Successfully optimized a new drilling technique, increasing oil extraction efficiency by 12%.,Risk management and operational leadership training were key to these improvements.,The program emphasized the importance of safety culture and effective team coordination in high-risk environments.,No,Updates on new technologies in the oil and gas sector.,Highly valuable for engineering leadership.,
2023-04-10 14:30:00,LMG_AFR_022,Benin,2019,Microfinance Manager,Cotonou Grow Wealth,Progressed from loan officer to managing a microfinance institution supporting small businesses.,A commitment to financial inclusion and empowering local entrepreneurs.,Expanded our microloan portfolio by 30%, reaching an additional 500 small businesses.,Financial management and community development modules were instrumental in this growth.,The program provided new perspectives on sustainable development through financial empowerment.,Yes,"Conducted 3 workshops for 35 community leaders on 'Financial Literacy for Small Businesses' and 'Microloan Management'.",Opportunities for partnerships with other development organizations.,A very rewarding experience.,
2022-12-05 09:10:00,LMG_AFR_023,Sudan,2020,Humanitarian Aid Coordinator,Khartoum Compassion Aid,Began as a field relief worker, now coordinating large-scale humanitarian operations.,A deep empathy for vulnerable populations and a dedication to effective aid delivery.,Successfully coordinated aid distribution to over 10,000 displaced persons during a crisis.,Crisis leadership and logistical management training were crucial for this achievement.,The program reinforced the importance of resilience and ethical considerations in humanitarian work.,No,Support for mental health and well-being in humanitarian roles.,A challenging but deeply fulfilling program.,
2024-03-15 11:30:00,LMG_AFR_024,Gabon,2021,Forestry Manager,Libreville Green Timber,Started as a forest ranger, now managing sustainable forestry operations and conservation efforts.,A passion for sustainable resource management and biodiversity preservation.,Implemented a new sustainable logging practice that reduced environmental impact by 20%.,Environmental leadership and stakeholder engagement training were vital for this initiative.,The program broadened my understanding of balancing economic development with ecological preservation.,No,Access to research on sustainable forestry practices.,Very relevant to my field.,
2023-06-20 10:20:00,LMG_AFR_025,Somalia,2019,Healthcare Administrator,Mogadishu Healing Hands,Progressed from clinic supervisor to overseeing multiple health facilities.,A commitment to improving healthcare access and quality in challenging environments.,Opened two new mobile clinics, extending healthcare services to underserved rural areas.,Operational management and resource allocation training were crucial for this expansion.,The program enhanced my ability to lead and innovate in resource-constrained settings.,Yes,"Trained 20 healthcare workers on 'Basic Clinic Management' and 'Patient-Centered Care'.",Funding opportunities for healthcare infrastructure development.,A highly impactful program.,
2022-05-18 12:45:00,LMG_AFR_026,Eritrea,2020,Water Resources Engineer,Asmara Aqua Solutions,Began as a hydraulic engineer, now managing national water infrastructure projects.,A dedication to water security and sustainable water management.,Designed and oversaw the construction of a new reservoir, increasing water supply to the capital.,Project management and public-private partnership modules were instrumental in this large-scale project.,The program provided new perspectives on integrated water resource management and policy implementation.,No,Networking with other water sector professionals.,A very technical and insightful program.,
2024-04-05 09:00:00,LMG_AFR_027,Togo,2021,Art and Culture Director,Lome Creative Hub,Started as a gallery curator, now leading national initiatives to promote arts and culture.,A passion for cultural preservation and promoting local artistic talent.,Organized a national arts festival that attracted over 50,000 visitors and boosted local artists' revenue by 30%.,Event management and cultural diplomacy training were key to this success.,The program enhanced my ability to leverage culture for social and economic development.,Yes,"Facilitated 2 workshops for 25 artists and cultural managers on 'Arts Project Management' and 'Cultural Entrepreneurship'.",Opportunities for international cultural exchange programs.,A truly inspiring experience.,
2023-08-28 15:30:00,LMG_AFR_028,Chad,2019,Food Security Analyst,N'Djamena Harvest Trust,Began as an agricultural researcher, now analyzing food security trends and policy recommendations.,A commitment to combating hunger and promoting sustainable food systems.,Developed a new early warning system for food shortages, adopted by government and NGOs.,Data analysis and policy communication training were vital for this achievement.,The program reinforced the importance of inter-agency collaboration in addressing complex humanitarian challenges.,No,Access to global food security research and networks.,Very relevant to my work.,
2022-02-14 10:15:00,LMG_AFR_029,Mauritania,2020,Fisheries Management Officer,Nouakchott Ocean Sustain,Progressed from a marine biologist to managing national fisheries resources.,A dedication to sustainable fisheries and marine ecosystem preservation.,Implemented new fishing quotas that led to a 15% recovery in fish stocks in key areas.,Regulatory framework and stakeholder negotiation training were crucial for this policy implementation.,The program broadened my understanding of balancing economic needs with ecological sustainability.,No,Resources on marine conservation and sustainable aquaculture.,A very specialized and helpful program.,
2024-05-01 13:45:00,LMG_AFR_030,Niger,2021,Rural Development Specialist,Niamey Village Connect,Started as a community organizer, now leading rural development projects focusing on poverty reduction.,A deep commitment to empowering rural communities and improving livelihoods.,Launched a successful micro-irrigation project, benefiting 20 villages and increasing crop yields by 25%.,Community development and project implementation modules were instrumental in this success.,The program emphasized participatory approaches and the importance of local ownership in development initiatives.,Yes,"Conducted 4 training sessions for 50 community leaders on 'Participatory Rural Appraisal' and 'Sustainable Livelihood Strategies'.",Funding opportunities for rural development projects.,An incredibly impactful program.,
2023-09-22 09:30:00,LMG_AFR_031,Sierra Leone,2019,Post-Conflict Recovery Advisor,Freetown Rebuild Strong,Began as a peacebuilding activist, now advising on national post-conflict reconstruction efforts.,A dedication to peacebuilding, reconciliation, and sustainable development in fragile contexts.,Successfully mediated a local land dispute, preventing escalation and promoting community cohesion.,Conflict resolution and peacebuilding leadership training were vital for this achievement.,The program reinforced the importance of empathy and inclusive leadership in highly sensitive environments.,No,Access to research on post-conflict development and peacebuilding.,A profoundly meaningful program.,
2022-07-28 11:50:00,LMG_AFR_032,Burkina Faso,2020,Gender Equality Advocate,Ouagadougou Women Rise,Started as a gender project assistant, now leading national initiatives for women's empowerment.,A strong belief in gender equality and promoting women's rights.,Successfully advocated for new legislation promoting women's land rights, impacting thousands of women.,Advocacy and policy-making training were instrumental in this achievement.,The program deepened my understanding of systemic gender inequalities and strategies for effective advocacy.,Yes,"Organized 2 public forums for 100 community members on 'Women's Rights & Economic Empowerment' and 'Gender-Based Violence Prevention'.",Collaboration on regional gender equality initiatives.,A truly empowering experience.,
2024-02-10 14:00:00,LMG_AFR_033,Central African Republic,2021,Humanitarian Logistics Manager,Bangui Aid Pathways,Progressed from field logistics assistant to managing complex supply chains in humanitarian crises.,A meticulous approach to logistics and a commitment to delivering aid efficiently.,Optimized our aid delivery routes, reducing delivery times to remote areas by 15%.,Logistics management and crisis communication modules were crucial for these improvements.,The program emphasized adaptability and resilience in high-pressure humanitarian settings.,No,Resources on emergency preparedness and response.,Very practical and essential for my role.,
2023-11-03 10:00:00,LMG_AFR_034,Liberia,2019,Youth Development Coordinator,Monrovia Future Leaders,Began as a youth mentor, now coordinating national programs for youth education and employment.,A passion for empowering young people and fostering future leaders.,Launched a successful vocational training program that provided job placements for over 500 youth.,Program development and mentorship training were key to this success.,The program deepened my understanding of positive youth development frameworks and strategies.,Yes,"Facilitated 3 workshops for 40 youth leaders on 'Leadership & Entrepreneurship' and 'Career Planning'.",Support for youth-led initiatives and social enterprises.,An inspiring program for youth work.,
2022-09-01 15:15:00,LMG_AFR_035,Congo (Republic of the),2020,Public Health Policy Advisor,Brazzaville Health Futures,Started as a medical doctor, now advising on national public health policies.,A commitment to evidence-based healthcare and improving population health outcomes.,Contributed to the development of a new national health strategy focusing on preventive care.,Policy analysis and health systems strengthening modules were instrumental in this contribution.,The program broadened my understanding of health economics and political determinants of health.,No,Networking with public health policymakers across Africa.,Highly valuable for health policy.,
2024-06-18 11:00:00,LMG_AFR_036,Eswatini,2021,Tourism Development Manager,Mbabane Royal Safaris,Began as a tour guide, now managing sustainable tourism initiatives and marketing the country.,A passion for showcasing natural beauty and promoting responsible tourism.,Successfully launched a new eco-tourism package, increasing tourism revenue by 10% in its first year.,Marketing and sustainable development training were key to this achievement.,The program emphasized balancing economic growth with environmental conservation in tourism.,No,Opportunities to attend international tourism expos.,A very engaging and relevant program.,
2023-12-14 09:45:00,LMG_AFR_037,Lesotho,2019,Water and Sanitation Engineer,Maseru Aqua Pure,Progressed from site engineer to leading large-scale water and sanitation infrastructure projects.,A dedication to providing clean water and sanitation to all communities.,Oversaw the construction of 5 new boreholes, providing clean water to 3,000 rural households.,Project implementation and community engagement strategies were vital for this success.,The program deepened my understanding of community-led development in water and sanitation.,Yes,"Trained 15 community water committees on 'Water System Maintenance' and 'Hygiene Promotion'.",Funding opportunities for water and sanitation projects.,A very practical and impactful program.,
2022-04-01 13:00:00,LMG_AFR_038,Malawi,2020,Gender Based Violence Specialist,Lilongwe Safe Spaces,Began as a social worker, now leading programs to combat gender-based violence.,A strong commitment to protecting vulnerable populations and advocating for justice.,Established 3 new safe houses for GBV survivors, providing critical support services.,Advocacy and trauma-informed leadership training were instrumental in this achievement.,The program reinforced the importance of empathy and resilience in supporting survivors.,No,Networking with other GBV prevention organizations.,A challenging but deeply rewarding program.,
2024-01-05 10:30:00,LMG_AFR_039,Djibouti,2021,Port Logistics Manager,Djibouti Sea Gate,Started as a freight forwarder, now managing all logistics operations at the port.,A meticulous approach to logistics and a focus on optimizing global trade routes.,Improved cargo processing efficiency by 15%, reducing ship turnaround times.,Supply chain optimization and leadership in complex operations were key to these gains.,The program broadened my understanding of international maritime logistics and trade facilitation.,No,Updates on global trade policies and port technology.,Highly valuable for maritime professionals.,
2023-05-20 11:15:00,LMG_AFR_040,Burundi,2019,Peacebuilding Program Manager,Bujumbura Bridge Builders,Began as a conflict mediator, now managing programs to promote peace and reconciliation.,A dedication to conflict transformation and fostering social cohesion.,Facilitated several inter-community dialogues, leading to peaceful resolutions of local conflicts.,Mediation and cross-cultural communication training were vital for this success.,The program deepened my understanding of the dynamics of conflict and pathways to sustainable peace.,Yes,"Conducted 2 training sessions for 20 community leaders on 'Conflict Resolution Skills' and 'Inter-Group Dialogue'.",Opportunities for joint peacebuilding initiatives.,An incredibly important and inspiring program.,
2022-06-25 14:40:00,LMG_AFR_041,South Sudan,2020,Disaster Risk Reduction Specialist,Juba Resilience Network,Started as a field coordinator, now leading initiatives to build community resilience to disasters.,A commitment to protecting vulnerable populations from environmental hazards.,Developed and implemented a community-based disaster preparedness plan in three flood-prone regions.,Risk assessment and community mobilization training were instrumental in this initiative.,The program provided new frameworks for leading in high-risk, humanitarian contexts.,No,Resources on climate change adaptation and disaster preparedness.,A highly relevant and critical program.,
2024-03-01 09:50:00,LMG_AFR_042,Gambia,2021,Tourism Marketing Manager,Banjul Sunny Shores,Began as a hotel manager, now marketing the country as a prime tourist destination.,A passion for promoting cultural heritage and sustainable tourism practices.,Launched a new national tourism campaign, resulting in a 20% increase in international visitor arrivals.,Destination marketing and leadership communication training were key to this achievement.,The program emphasized the importance of storytelling and authentic experiences in tourism promotion.,No,Networking opportunities with international tourism boards.,A very engaging and creative program.,
2023-07-15 10:20:00,LMG_AFR_043,Guinea,2019,Public Health Specialist,Conakry Health Access,Progressed from a medical researcher to advising on national public health strategies.,A commitment to disease prevention and improving health equity.,Contributed to the national strategy for combating neglected tropical diseases.,Epidemiological analysis and policy advocacy training were vital for this contribution.,The program broadened my understanding of health disparities and the role of leadership in addressing them.,Yes,"Conducted 3 workshops for 30 healthcare professionals on 'Disease Surveillance' and 'Health Promotion Strategies'.",Access to research on public health interventions.,Very valuable for public health.,
2022-08-08 11:30:00,LMG_AFR_044,Guinea-Bissau,2020,Rural Electrification Project Manager,Bissau Power Connect,Started as an electrical engineer, now managing projects to bring electricity to rural areas.,A dedication to energy access and sustainable development.,Successfully implemented a solar mini-grid project, providing electricity to 5 remote villages.,Project management and renewable energy financing modules were instrumental in this success.,The program provided new perspectives on energy poverty and off-grid solutions.,No,Funding opportunities for rural electrification projects.,A highly technical and impactful program.,
2024-04-12 12:00:00,LMG_AFR_045,Cape Verde,2021,Marine Conservationist,Praia Ocean Guardians,Began as a marine biologist, now leading initiatives to protect marine ecosystems.,A deep passion for ocean health and sustainable use of marine resources.,Established a new marine protected area, safeguarding critical biodiversity hotspots.,Environmental policy and stakeholder engagement training were key to this achievement.,The program emphasized the importance of collaborative conservation and community participation.,No,Collaboration opportunities on regional marine conservation initiatives.,An inspiring and vital program.,
2023-09-02 13:10:00,LMG_AFR_046,Sao Tome and Principe,2019,Sustainable Tourism Specialist,Sao Tome Eco-Stay,Progressed from hotel management to developing sustainable tourism models.,A commitment to responsible tourism and preserving natural heritage.,Developed eco-tourism guidelines adopted by several local resorts, promoting sustainable practices.,Sustainable development and local economic development modules were instrumental in this.,The program reinforced the importance of balancing tourism growth with environmental and cultural preservation.,Yes,"Trained 10 local guesthouse owners on 'Eco-Tourism Principles' and 'Sustainable Hospitality'.",Support for promoting sustainable tourism practices.,A very niche and beneficial program.,
2022-05-05 10:40:00,LMG_AFR_047,Comoros,2020,Climate Change Adaptation Expert,Moroni Green Future,Began as an environmental scientist, now advising on climate change adaptation strategies.,A dedication to climate resilience and protecting vulnerable island communities.,Developed a national climate adaptation plan focused on coastal protection and disaster preparedness.,Climate policy and community resilience building training were vital for this achievement.,The program provided new frameworks for leading in the face of climate change impacts.,No,Access to international climate adaptation funding opportunities.,A critical and timely program.,
2024-05-28 14:00:00,LMG_AFR_048,Botswana,2021,Wildlife Management Director,Gaborone Safari Trust,Started as a park ranger, now managing national wildlife conservation programs.,A passion for wildlife preservation and human-wildlife coexistence.,Successfully reduced poaching incidents by 30% through community engagement and improved patrols.,Conservation leadership and conflict resolution training were key to these improvements.,The program emphasized the importance of local communities in conservation efforts.,No,Opportunities for cross-border wildlife conservation collaborations.,An incredibly rewarding program.,
2023-10-25 11:25:00,LMG_AFR_049,Namibia,2019,Renewable Energy Project Lead,Windhoek Green Power,Began as an electrical engineer, now leading large-scale renewable energy projects.,A commitment to sustainable energy solutions and reducing carbon footprint.,Oversaw the construction of a new solar farm, increasing national renewable energy capacity by 15%.,Project financing and sustainable energy policy modules were instrumental in this success.,The program deepened my understanding of the energy transition and leadership in green technologies.,Yes,"Conducted 2 workshops for 25 engineers on 'Solar Project Development' and 'Renewable Energy Grid Integration'.",Access to resources on renewable energy innovation.,Highly beneficial for the energy sector.,
2022-11-10 09:00:00,LMG_AFR_050,Ghana,2020,Social Enterprise Director,Kumasi Impact Ventures,Started as a community developer, now leading a social enterprise focused on empowering local communities.,A strong belief in business for good and creating sustainable social impact.,Launched a successful fair-trade artisan cooperative, employing 50 local women and increasing their income by 40%.,Social entrepreneurship and ethical leadership training were vital for this venture.,The program emphasized the importance of balancing financial viability with social mission.,No,Mentorship opportunities for social entrepreneurs.,An inspiring and practical program.,